{"cameraMode":{"drawMode":0,"name":"Shaded","section":"Shading Mode"},"sceneLighting":false,"audioPlay":false,"sceneViewState":{"showFog":true,"showMaterialUpdate":false,"showSkybox":false,"showFlares":true,"showImageEffects":true,"showParticleSystems":true,"showVisualEffectGraphs":true,"m_FxEnabled":true},"in2DMode":false,"pivot":{"x":-0.9113681316375732,"y":-0.12567657232284547,"z":0.0013718605041503907},"rotation":{"x":-0.15510433912277223,"y":-0.5372344255447388,"z":0.10126809775829315,"w":-0.8228601217269898},"size":0.7086690068244934,"orthographic":false}