{"cameraMode":{"drawMode":0,"name":"Shaded","section":"Shading Mode"},"sceneLighting":true,"audioPlay":false,"sceneViewState":{"showFog":true,"showMaterialUpdate":false,"showSkybox":true,"showFlares":true,"showImageEffects":true,"showParticleSystems":true,"showVisualEffectGraphs":true,"m_FxEnabled":true},"in2DMode":false,"pivot":{"x":-1.1974173784255982,"y":2.0057477951049806,"z":-2.468040943145752},"rotation":{"x":-0.25666409730911257,"y":-0.04144959896802902,"z":0.011021542362868786,"w":-0.9655652046203613},"size":2.5818395614624025,"orthographic":false}